Applicants$Personal Informarion$$Title$$string$(Mr.,Mrs.,Ms.,Dr.,Rev.,Miss,Judge)$yes
Applicants$Personal Informarion$$First Name$$string$$yes
Applicants$Personal Informarion$$Middle Name$$string$$no
Applicants$Personal Informarion$$Last Name$$string$$yes
Applicants$Personal Informarion$$Suffix$$string$(Sr.,Jr.)$no
Applicants$Personal Informarion$$Primary Applicant Indicator$$boolean$$yes
Applicants$Personal Informarion$$Date of Birth$$date$$yes
Applicants$Personal Informarion$$SIN$$string$$no
Applicants$Personal Informarion$$Marital Status$$string$(Single,Maried,Common Law,Separated,Devorced,Widowed,Other)$yes
Applicants$Personal Informarion$$Spouse$(Marital Status[Maried], Primary Applicant Indicator[No])$string$$no
Applicants$Personal Informarion$$Newcomer Indicator$$boolean$$yes
Applicants$Personal Informarion$$Work Number$$string$$yes
Applicants$Personal Informarion$$Extention$(Work Number[!null])$string$$no
Applicants$Personal Informarion$$Fax Number$$string$$no
Applicants$Personal Informarion$$Secondary Phone Number$$string$$no
Applicants$Personal Informarion$$Email Address$$string$$no
Applicants$Personal Informarion$$Preferred Contact Method$$string$(Home Phone,Secondary Phone,Email,Fax,Work Phone)$yes
Applicants$Personal Informarion$$Home Number$$string$$yes
Applicants$Personal Informarion$$Dependents$$string$$yes
Applicants$Personal Informarion$$Language Preference$$string$(English,French)$yes
Applicants$Personal Informarion$$Existing Client$$boolean$$no
Applicants$Personal Informarion$$Client Number$(Existing Client[Yes])$string$$no
Applicants$Personal Informarion$$First Time Buyer$$boolean$$yes
Applicants$Personal Informarion$$Relationship to Prim. Applicant$(Primary Applicant Indicator[No])$string$(Spouse,Common Law,Parent,Sibling,Related Family Member,Child,Grandchild,GrandParent,Other)$yes
Applicants$Applicant Address$Address$Current/Previous Indicator$$string$(Previous,Current)$yes
Applicants$Applicant Address$Address$Country$$string$(Canada,United States)$yes
Applicants$Applicant Address$Address$Unit$$unknown$$no
Applicants$Applicant Address$Address$Street number$$string$$yes
Applicants$Applicant Address$Address$Name$$string$$yes
Applicants$Applicant Address$Address$Type$(Country)$string$(Country[Canada]:(Abbey,Acres,All?e,Alley,Autoroute,Avenue,Bay,Beach,Bend,Boulevard,By-Pass,Byway,Campus,Cape,Carr?,Carrefour,Centre,Cercle,Chase,Chemin,Circle,Circuit,Close,Common,Concession,Corners,C?te,Cour,Cours,Court,Cove,Crescent,Croissant,Crossing,Cul-de-sac,Dale,Dell,Diversion,Downs,Drive,?changeur,End,Esplanade,Estates,Expressway,Extension,Farm,Field,Forest,Freeway,Front,Gardens,Gate,Glade,Glen,Green,Grounds,Grove,Harbour,Heath,Heights,Highlands,Highway,Hill,Hollow,?le,Impasse,Inlet,Island,Key,Knoll,Landing,Lane,Limits,Line,Link,Lookout,Loop,Mall,Manor,Maze,Meadow,Mews,Mont?e,Moor,Mount,Mountain,Orchard,Parade,Parc,Park,Parkway,Passage,Path,Pathway,Pines,Place,Plateau,Plaza,Point,Pointe,Port,Private,Promenade,Quai,Quay,Ramp,Rang,Range,Ridge,Rise,Road,Rond-point,Route,Row,Rue,Ruelle,Run,Sentier,Square,Street,Subdivision,Terrace,Terrasse,Thicket,Towers,Townline,Trail,Turnabout,Vale,Via,View,Village,Villas,Vista,Voie,Walk,Way,Wharf,Wood,Wynd),Country[United States]:(Alley,Annex,Arcade,Avenue,Bayou,Beach,Bend,Bluff,Bluffs,Bottom,Boulevard,Branch,Bridge,Brook,Brooks,Burg,Burgs,Bypass,Camp,Canyon,Cape,Causeway,Center,Centers,Circle,Circles,Cliff,Cliffs,Club,Common,Commons,Corner,Corners,Course,Court,Courts,Cove,Coves,Creek,Crescent,Crest,Crossing,Crossroad,Crossroads,Curve,Dale,Dam,Divide,Drive,Drives,Estate,Estates,Expressway,Extension,Extensions,Fall,Falls,Ferry,Field,Fields,Flat,Flats,Ford,Fords,Forest,Forge,Forges,Fork,Forks,Fort,Freeway,Garden,Gardens,Gateway,Glen,Glens,Green,Greens,Grove,Groves,Harbor,Harbors,Haven,Heights,Highway,Hill,Hills,Hollow,Inlet,Island,Islands,Isle,Junction,Junctions,Key,Keys,Knoll,Knolls,Lake,Lakes,Land,Landing,Lane,Light,Lights,Loaf,Lock,Locks,Lodge,Loop,Mall,Manor,Manors,Meadow,Meadows,Mews,Mill,Mills,Mission,Motorway,Mount,Mountain,Mountains,Neck,Orchard,Park,Parks,Parkway,Parkways,Pass,Passage,Path,Pike,Pine,Pines,Place,Plain,Plains,Plaza,Point,Points,Port,Ports,Prairie,Radial,Ramp,Ranch,Rapid,Rapids,Rest,Ridge,Ridges,River,Road,Roads,Route,Row,Rue,Run,Shoal,Shoals,Shore,Shores,Skyway,Spring,Springs,Spur,Spurs,Square,Squares,Station,Stravenue,Stream,Street,Streets,Summit,Terrace,Throughway,Trace,Track,Trafficway,Trail,Trailer,Tunnel,Turnpike,Underpass,Union,Unions,Valley,Valleys,Viaduct,View,Views,Village,Villages,Ville,Vista,Walk,Walks,Wall,Way,Ways,Well,Wells))$yes
Applicants$Applicant Address$Address$Direction$$string$(North,South,East,West,NorthEast,NorthWest,SouthEast,SouthWest)$no
Applicants$Applicant Address$Address$City$$string$$yes
Applicants$Applicant Address$Address$Province/State$(Country)$string$(Country[Canada]:(Alberta,British Columbia,Manitoba,New Brunswick,Newfoundland and Labrador,Northwest Territories,Nova Scotia,Nunavut,Ontario,Prince Edward Island,Quebec,Saskatchewan,Yukon),Country[United States]:(Alabama,Alaska,American Samoa,Arizona,Arkansas,California,Colorado,Connecticut,Delaware,District of Columbia,Federated States of Micronesia,Florida,Georgia,Guam,Hawaii,Idaho,Illinois,Indiana,Iowa,Kansas,Kentucky,Louisiana,Maine,Marshall Islands,Maryland,Massachusetts,Michigan,Minnesota,Mississippi,Missouri,Montana,Nebraska,Nevada,New Hampshire,New Jersey,New Mexico,New York,North Carolina,North Dakota,Northern Mariana Islands,Ohio,Oklahoma,Oregon,Palau,Pennsylvania,Puerto Rico,Rhode Island,South Carolina,South Dakota,Tennessee,Texas,Utah,Vermont,Virgin islands,Virginia,Washington,West Virginia,Wisconsin,Wyoming,Armed Forces Americas (except Canada),Armed Forces Europe, Africa, The Middle East and Canada,Armed Forces Pacific))$yes
Applicants$Applicant Address$Address$Postal Code/Zip Code$(Country)$string$$yes
Applicants$Applicant Address$Address$Years at Residence$$string$$yes
Applicants$Applicant Address$Address$Months at Residence$$string$$yes
Applicants$Applicant Address$Address$Status$$string$(Own,Live with others,Live with relatives,Other)$yes
Applicants$Applicant Address$Address$Rent$(Status)$string$$no
Applicants$Applicant Address$Mailing Address$Use Current Address Option$$boolean$$no
Applicants$Applicant Address$Mailing Address$Add New Mailing Address Option$$boolean$$no
Applicants$Applicant Address$Mailing Address$PO Box Option$$boolean$$no
Applicants$Applicant Address$Mailing Address$PO Box Address$(PO Box Option[true])$string$$yes
Applicants$Applicant Address$Mailing Address$Mailing Address Indicator$$boolean$$no
Applicants$Employment$$Main (Job) Indicator $$boolean$$yes
Applicants$Employment$$Employer Name$$string$$yes
Applicants$Employment$$Employment Tenure$$string$(Full Time,Part Time,Seasonal)$yes
Applicants$Employment$$Country$$string$(Canada,United States)$yes
Applicants$Employment$$Unit Number$$string$$no
Applicants$Employment$$PO Box$$string$$no
Applicants$Employment$$Building Name$$string$$no
Applicants$Employment$$Street Name$$string$$yes
Applicants$Employment$$Street Type$(Country)$string$(Country[Canada]:(Abbey,Acres,All?e,Alley,Autoroute,Avenue,Bay,Beach,Bend,Boulevard,By-Pass,Byway,Campus,Cape,Carr?,Carrefour,Centre,Cercle,Chase,Chemin,Circle,Circuit,Close,Common,Concession,Corners,C?te,Cour,Cours,Court,Cove,Crescent,Croissant,Crossing,Cul-de-sac,Dale,Dell,Diversion,Downs,Drive,?changeur,End,Esplanade,Estates,Expressway,Extension,Farm,Field,Forest,Freeway,Front,Gardens,Gate,Glade,Glen,Green,Grounds,Grove,Harbour,Heath,Heights,Highlands,Highway,Hill,Hollow,?le,Impasse,Inlet,Island,Key,Knoll,Landing,Lane,Limits,Line,Link,Lookout,Loop,Mall,Manor,Maze,Meadow,Mews,Mont?e,Moor,Mount,Mountain,Orchard,Parade,Parc,Park,Parkway,Passage,Path,Pathway,Pines,Place,Plateau,Plaza,Point,Pointe,Port,Private,Promenade,Quai,Quay,Ramp,Rang,Range,Ridge,Rise,Road,Rond-point,Route,Row,Rue,Ruelle,Run,Sentier,Square,Street,Subdivision,Terrace,Terrasse,Thicket,Towers,Townline,Trail,Turnabout,Vale,Via,View,Village,Villas,Vista,Voie,Walk,Way,Wharf,Wood,Wynd),Country[United States]:(Alley,Annex,Arcade,Avenue,Bayou,Beach,Bend,Bluff,Bluffs,Bottom,Boulevard,Branch,Bridge,Brook,Brooks,Burg,Burgs,Bypass,Camp,Canyon,Cape,Causeway,Center,Centers,Circle,Circles,Cliff,Cliffs,Club,Common,Commons,Corner,Corners,Course,Court,Courts,Cove,Coves,Creek,Crescent,Crest,Crossing,Crossroad,Crossroads,Curve,Dale,Dam,Divide,Drive,Drives,Estate,Estates,Expressway,Extension,Extensions,Fall,Falls,Ferry,Field,Fields,Flat,Flats,Ford,Fords,Forest,Forge,Forges,Fork,Forks,Fort,Freeway,Garden,Gardens,Gateway,Glen,Glens,Green,Greens,Grove,Groves,Harbor,Harbors,Haven,Heights,Highway,Hill,Hills,Hollow,Inlet,Island,Islands,Isle,Junction,Junctions,Key,Keys,Knoll,Knolls,Lake,Lakes,Land,Landing,Lane,Light,Lights,Loaf,Lock,Locks,Lodge,Loop,Mall,Manor,Manors,Meadow,Meadows,Mews,Mill,Mills,Mission,Motorway,Mount,Mountain,Mountains,Neck,Orchard,Park,Parks,Parkway,Parkways,Pass,Passage,Path,Pike,Pine,Pines,Place,Plain,Plains,Plaza,Point,Points,Port,Ports,Prairie,Radial,Ramp,Ranch,Rapid,Rapids,Rest,Ridge,Ridges,River,Road,Roads,Route,Row,Rue,Run,Shoal,Shoals,Shore,Shores,Skyway,Spring,Springs,Spur,Spurs,Square,Squares,Station,Stravenue,Stream,Street,Streets,Summit,Terrace,Throughway,Trace,Track,Trafficway,Trail,Trailer,Tunnel,Turnpike,Underpass,Union,Unions,Valley,Valleys,Viaduct,View,Views,Village,Villages,Ville,Vista,Walk,Walks,Wall,Way,Ways,Well,Wells))$yes
Applicants$Employment$$Street Direction$$string$(North,South,East,West,NorthEast,NorthWest,SouthEast,SouthWest)$no
Applicants$Employment$$City$$string$$yes
Applicants$Employment$$Province/State$(Country)$string$(Country[Canada]:(Alberta,British Columbia,Manitoba,New Brunswick,Newfoundland and Labrador,Northwest Territories,Nova Scotia,Nunavut,Ontario,Prince Edward Island,Quebec,Saskatchewan,Yukon),Country[United States]:(Alabama,Alaska,American Samoa,Arizona,Arkansas,California,Colorado,Connecticut,Delaware,District of Columbia,Federated States of Micronesia,Florida,Georgia,Guam,Hawaii,Idaho,Illinois,Indiana,Iowa,Kansas,Kentucky,Louisiana,Maine,Marshall Islands,Maryland,Massachusetts,Michigan,Minnesota,Mississippi,Missouri,Montana,Nebraska,Nevada,New Hampshire,New Jersey,New Mexico,New York,North Carolina,North Dakota,Northern Mariana Islands,Ohio,Oklahoma,Oregon,Palau,Pennsylvania,Puerto Rico,Rhode Island,South Carolina,South Dakota,Tennessee,Texas,Utah,Vermont,Virgin islands,Virginia,Washington,West Virginia,Wisconsin,Wyoming,Armed Forces Americas (except Canada),Armed Forces Europe, Africa, The Middle East and Canada,Armed Forces Pacific))$yes
Applicants$Employment$$Postal/Zip Code$(Country)$string$$yes
Applicants$Employment$$Occupation$$string$(Management,Clerical,Labour/Tradesperson,Retired,Professional,Self Employed,Other)$yes
Applicants$Employment$$Business Type$(Occupation [Self Employed])$string$$yes
Applicants$Employment$$Company Purpose$$string$$no
Applicants$Employment$$Job Title$$string$$yes
Applicants$Employment$$Industry Sector$$string$(Construction,Government,Health,Education,High-Tech,Retail Sales,Leisure/EntertainmentBanking/Finance,Transportation,Services,Manufacturing,Farming/Natural Resources,Varies,Other)$yes
Applicants$Employment$$Start date$$date$$yes
Applicants$Employment$$End Date$$date$$no
Applicants$Income$$Income Type$$string$(Salary,Interest Income,Rent Income,Child Support,Pension,Alimony,Self Empolyement,Other)$yes
Applicants$Income$$Frequency$$string$(Annual,Monthly,Hourly,Other)$yes
Applicants$Income$$Income Amount$(Income Type[!Self Employement])$string$$yes
Applicants$Income$$Qualifying Income$(Income Type[Salary])$string$$no
Applicants$Income$$Gross Income Amount$(Income Type[Self Employment])$string$$yes
Applicants$Income$$Net Income Amount$(Income Type[Self Employment])$string$$no
Applicants$Assets$$Asset Type$$string$(Savings,RRSP,Gift,Vehicle,Stocks/Bond/Mutual,Household Goods,Life Insurance,Deposit on Purchase,Other)$yes
Applicants$Assets$$Asset Description$$string$$yes
Applicants$Assets$$Asset Value$$string$$yes
Applicants$Assets$$Related to Liability Indicator$$boolean$$yes
Applicants$Liabilities$$Liability Type$$string$(Credit Card,Personal Loan,Auto Loan,Alimony,Child Support,Student Loan,Wage Garnishment,Unsecured Line of Credit,Income Tax,Secured Line of Credit,Lease,Auto Lease,Other)$yes
Applicants$Liabilities$$CB Indicator$$boolean$$no
Applicants$Liabilities$$Credit Limit$$string$$no
Applicants$Liabilities$$MCAP Liability Indicator$$boolean$$no
Applicants$Liabilities$$Outstanding Balance$$string$$no
Applicants$Liabilities$$Monthly Payment$$string$$no
Applicants$Liabilities$$Liability Description$$string$$no
Applicants$Liabilities$$Lender$$string$$yes
Applicants$Liabilities$$To be paid $$string$$yes
Applicants$Liabilities$$Reference Number$$string$$no
Applicants$Liabilities$$Start Date$(Liability Type[Mortgage])$date$$no
Applicants$Liabilities$$Maturity Date$(Liability Type[Mortgage])$date$$no
Applicants$Liabilities$$Original Amortization Years$(Liability Type[Mortgage])$string$$no
Applicants$Liabilities$$Original Amortization Months$(Liability Type[Mortgage])$string$$no
Applicants$Liabilities$$Remaining Amortization Years$(Liability Type[Mortgage])$string$$no
Applicants$Liabilities$$Remaining Amortization Months$(Liability Type[Mortgage])$string$$no
Applicants$Liabilities$$Existing Insurer$(Liability Type[Mortgage])$string$$no
Applicants$Liabilities$$Existing UTI Number$(Liability Type[Mortgage])$string$$no
Applicants$Liabilities$$Existing Insurance Indicator$(Liability Type[Mortgage])$boolean$$no
Applicants$Liabilities$$Loan Subject Indicator$(Liability Type[Mortgage])$boolean$$no
Applicants$Liabilities$$Related Mortgage Indicator$(Liability Type[Mortgage])$boolean$$no
Applicants$Liabilities$$MCAP First Change Indicator$(Liability Type[Mortgage])$boolean$$no
Applicants$Liabilities$$Multi-Charge Indicator$(Liability Type[Mortgage])$boolean$$no
Applicants$Liabilities$$Port Insurance Indicator$(Liability Type[Mortgage])$boolean$$no
Applicants$Liabilities$$Missed Payments$(Liability Type[Mortgage])$string$$no
Applicants$Liabilities$$Current Rate$(Liability Type[Mortgage])$string$$no
Applicants$Liabilities$$Product$(Liability Type[Mortgage])$string$$no
Applicants$Liabilities$$Product Programs$(Liability Type[Mortgage])$string$$no
Applicants$Liabilities$$Program$(Liability Type[Mortgage])$string$$no
Applicants$Liabilities$$Penalty$(Liability Type[Mortgage])$string$$no
Applicants$Properties Owned by the Applicant$$Property type$$string$(Detached,Semi-Detached,Dublex - Detached,Dublex - Semi-Detached,Row Housing,Appartment Low Rise,Appartment High Rise,Mobile,Tri Plex - Detached,Tri Plex - Semi-Detached,Stacked,Modular Home - Detached,Modular Home - Semi-Detached,Four Plex - Detached,Four Plex - Semi-Detached)$yes
Applicants$Properties Owned by the Applicant$$Related Liability$$string$$yes
Applicants$Properties Owned by the Applicant$$Occupancy$$string$(Owner-Occupied,Owner-Occupied & Rental,Rental,Second Home)$yes
Applicants$Properties Owned by the Applicant$$Country$$string$(Canada,United States)$yes
Applicants$Properties Owned by the Applicant$$Unit Number$$string$$no
Applicants$Properties Owned by the Applicant$$Street Number$$string$$yes
Applicants$Properties Owned by the Applicant$$Street Name$$string$$yes
Applicants$Properties Owned by the Applicant$$Street type$(Country)$string$(Country[Canada]:(Abbey,Acres,All?e,Alley,Autoroute,Avenue,Bay,Beach,Bend,Boulevard,By-Pass,Byway,Campus,Cape,Carr?,Carrefour,Centre,Cercle,Chase,Chemin,Circle,Circuit,Close,Common,Concession,Corners,C?te,Cour,Cours,Court,Cove,Crescent,Croissant,Crossing,Cul-de-sac,Dale,Dell,Diversion,Downs,Drive,?changeur,End,Esplanade,Estates,Expressway,Extension,Farm,Field,Forest,Freeway,Front,Gardens,Gate,Glade,Glen,Green,Grounds,Grove,Harbour,Heath,Heights,Highlands,Highway,Hill,Hollow,?le,Impasse,Inlet,Island,Key,Knoll,Landing,Lane,Limits,Line,Link,Lookout,Loop,Mall,Manor,Maze,Meadow,Mews,Mont?e,Moor,Mount,Mountain,Orchard,Parade,Parc,Park,Parkway,Passage,Path,Pathway,Pines,Place,Plateau,Plaza,Point,Pointe,Port,Private,Promenade,Quai,Quay,Ramp,Rang,Range,Ridge,Rise,Road,Rond-point,Route,Row,Rue,Ruelle,Run,Sentier,Square,Street,Subdivision,Terrace,Terrasse,Thicket,Towers,Townline,Trail,Turnabout,Vale,Via,View,Village,Villas,Vista,Voie,Walk,Way,Wharf,Wood,Wynd),Country[United States]:(Alley,Annex,Arcade,Avenue,Bayou,Beach,Bend,Bluff,Bluffs,Bottom,Boulevard,Branch,Bridge,Brook,Brooks,Burg,Burgs,Bypass,Camp,Canyon,Cape,Causeway,Center,Centers,Circle,Circles,Cliff,Cliffs,Club,Common,Commons,Corner,Corners,Course,Court,Courts,Cove,Coves,Creek,Crescent,Crest,Crossing,Crossroad,Crossroads,Curve,Dale,Dam,Divide,Drive,Drives,Estate,Estates,Expressway,Extension,Extensions,Fall,Falls,Ferry,Field,Fields,Flat,Flats,Ford,Fords,Forest,Forge,Forges,Fork,Forks,Fort,Freeway,Garden,Gardens,Gateway,Glen,Glens,Green,Greens,Grove,Groves,Harbor,Harbors,Haven,Heights,Highway,Hill,Hills,Hollow,Inlet,Island,Islands,Isle,Junction,Junctions,Key,Keys,Knoll,Knolls,Lake,Lakes,Land,Landing,Lane,Light,Lights,Loaf,Lock,Locks,Lodge,Loop,Mall,Manor,Manors,Meadow,Meadows,Mews,Mill,Mills,Mission,Motorway,Mount,Mountain,Mountains,Neck,Orchard,Park,Parks,Parkway,Parkways,Pass,Passage,Path,Pike,Pine,Pines,Place,Plain,Plains,Plaza,Point,Points,Port,Ports,Prairie,Radial,Ramp,Ranch,Rapid,Rapids,Rest,Ridge,Ridges,River,Road,Roads,Route,Row,Rue,Run,Shoal,Shoals,Shore,Shores,Skyway,Spring,Springs,Spur,Spurs,Square,Squares,Station,Stravenue,Stream,Street,Streets,Summit,Terrace,Throughway,Trace,Track,Trafficway,Trail,Trailer,Tunnel,Turnpike,Underpass,Union,Unions,Valley,Valleys,Viaduct,View,Views,Village,Villages,Ville,Vista,Walk,Walks,Wall,Way,Ways,Well,Wells))$yes
Applicants$Properties Owned by the Applicant$$Street Direction$(Country)$string$(North,South,East,West,NorthEast,NorthWest,SouthEast,SouthWest)$no
Applicants$Properties Owned by the Applicant$$City$$string$$yes
Applicants$Properties Owned by the Applicant$$Province/State$(Country)$string$(Country[Canada]:(Alberta,British Columbia,Manitoba,New Brunswick,Newfoundland and Labrador,Northwest Territories,Nova Scotia,Nunavut,Ontario,Prince Edward Island,Quebec,Saskatchewan,Yukon),Country[United States]:(Alabama,Alaska,American Samoa,Arizona,Arkansas,California,Colorado,Connecticut,Delaware,District of Columbia,Federated States of Micronesia,Florida,Georgia,Guam,Hawaii,Idaho,Illinois,Indiana,Iowa,Kansas,Kentucky,Louisiana,Maine,Marshall Islands,Maryland,Massachusetts,Michigan,Minnesota,Mississippi,Missouri,Montana,Nebraska,Nevada,New Hampshire,New Jersey,New Mexico,New York,North Carolina,North Dakota,Northern Mariana Islands,Ohio,Oklahoma,Oregon,Palau,Pennsylvania,Puerto Rico,Rhode Island,South Carolina,South Dakota,Tennessee,Texas,Utah,Vermont,Virgin islands,Virginia,Washington,West Virginia,Wisconsin,Wyoming,Armed Forces Americas (except Canada),Armed Forces Europe, Africa, The Middle East and Canada,Armed Forces Pacific))$yes
Applicants$Properties Owned by the Applicant$$Postal/Zip Code$(Country)$string$$yes
Applicants$Properties Owned by the Applicant$$Asset Value$$string$$yes
Applicants$Properties Owned by the Applicant$$Previous Purchase Price$$string$$yes
Applicants$Properties Owned by the Applicant$$Sale Date$$string$$yes
Applicants$Properties Owned by the Applicant$$Annual Property Taxes$$string$$yes
Applicants$Properties Owned by the Applicant$$Annual School Tax$$string$$no
Applicants$Properties Owned by the Applicant$$Monthly Ground Rent$$string$$no
Applicants$Properties Owned by the Applicant$$Monthly Condo fees$$string$$yes
Applicants$Properties Owned by the Applicant$$Heating Costs$$string$$yes
Applicants$Properties Owned by the Applicant$$Actual Rental Income$$string$$yes
Applicants$Properties Owned by the Applicant$$Tenure$$string$$yes
Applicants$Properties Owned by the Applicant$$Hydro Costs$$string$$no
Applicants$Properties Owned by the Applicant$$Management $$string$$no
Applicants$Properties Owned by the Applicant$$Repairs$$string$$no
Applicants$Properties Owned by the Applicant$$Other$$string$$no
Applicants$Properties Owned by the Applicant$$Insurance$$string$$no
Applicants$Properties Owned by the Applicant$$Interest$$string$$no
Subject Property$$$Occupancy$$string$(Owner-Occupied,Owner-Occupied & Rental,Rental,Second Home)$yes
Subject Property$$$Country$$string$(Canada,United States)$yes
Subject Property$$$Unit Number$$string$$no
Subject Property$$$Street Number$$string$$yes
Subject Property$$$Street Name$$string$$yes
Subject Property$$$Street type$(Country)$string$(Country[Canada]:(Abbey,Acres,All?e,Alley,Autoroute,Avenue,Bay,Beach,Bend,Boulevard,By-Pass,Byway,Campus,Cape,Carr?,Carrefour,Centre,Cercle,Chase,Chemin,Circle,Circuit,Close,Common,Concession,Corners,C?te,Cour,Cours,Court,Cove,Crescent,Croissant,Crossing,Cul-de-sac,Dale,Dell,Diversion,Downs,Drive,?changeur,End,Esplanade,Estates,Expressway,Extension,Farm,Field,Forest,Freeway,Front,Gardens,Gate,Glade,Glen,Green,Grounds,Grove,Harbour,Heath,Heights,Highlands,Highway,Hill,Hollow,?le,Impasse,Inlet,Island,Key,Knoll,Landing,Lane,Limits,Line,Link,Lookout,Loop,Mall,Manor,Maze,Meadow,Mews,Mont?e,Moor,Mount,Mountain,Orchard,Parade,Parc,Park,Parkway,Passage,Path,Pathway,Pines,Place,Plateau,Plaza,Point,Pointe,Port,Private,Promenade,Quai,Quay,Ramp,Rang,Range,Ridge,Rise,Road,Rond-point,Route,Row,Rue,Ruelle,Run,Sentier,Square,Street,Subdivision,Terrace,Terrasse,Thicket,Towers,Townline,Trail,Turnabout,Vale,Via,View,Village,Villas,Vista,Voie,Walk,Way,Wharf,Wood,Wynd),Country[United States]:(Alley,Annex,Arcade,Avenue,Bayou,Beach,Bend,Bluff,Bluffs,Bottom,Boulevard,Branch,Bridge,Brook,Brooks,Burg,Burgs,Bypass,Camp,Canyon,Cape,Causeway,Center,Centers,Circle,Circles,Cliff,Cliffs,Club,Common,Commons,Corner,Corners,Course,Court,Courts,Cove,Coves,Creek,Crescent,Crest,Crossing,Crossroad,Crossroads,Curve,Dale,Dam,Divide,Drive,Drives,Estate,Estates,Expressway,Extension,Extensions,Fall,Falls,Ferry,Field,Fields,Flat,Flats,Ford,Fords,Forest,Forge,Forges,Fork,Forks,Fort,Freeway,Garden,Gardens,Gateway,Glen,Glens,Green,Greens,Grove,Groves,Harbor,Harbors,Haven,Heights,Highway,Hill,Hills,Hollow,Inlet,Island,Islands,Isle,Junction,Junctions,Key,Keys,Knoll,Knolls,Lake,Lakes,Land,Landing,Lane,Light,Lights,Loaf,Lock,Locks,Lodge,Loop,Mall,Manor,Manors,Meadow,Meadows,Mews,Mill,Mills,Mission,Motorway,Mount,Mountain,Mountains,Neck,Orchard,Park,Parks,Parkway,Parkways,Pass,Passage,Path,Pike,Pine,Pines,Place,Plain,Plains,Plaza,Point,Points,Port,Ports,Prairie,Radial,Ramp,Ranch,Rapid,Rapids,Rest,Ridge,Ridges,River,Road,Roads,Route,Row,Rue,Run,Shoal,Shoals,Shore,Shores,Skyway,Spring,Springs,Spur,Spurs,Square,Squares,Station,Stravenue,Stream,Street,Streets,Summit,Terrace,Throughway,Trace,Track,Trafficway,Trail,Trailer,Tunnel,Turnpike,Underpass,Union,Unions,Valley,Valleys,Viaduct,View,Views,Village,Villages,Ville,Vista,Walk,Walks,Wall,Way,Ways,Well,Wells))$yes
Subject Property$$$Street Direction$(Country)$string$(North,South,East,West,NorthEast,NorthWest,SouthEast,SouthWest)$yes
Subject Property$$$City$$string$$yes
Subject Property$$$Province/State$(Country)$string$(Country[Canada]:(Alberta,British Columbia,Manitoba,New Brunswick,Newfoundland and Labrador,Northwest Territories,Nova Scotia,Nunavut,Ontario,Prince Edward Island,Quebec,Saskatchewan,Yukon),Country[United States]:(Alabama,Alaska,American Samoa,Arizona,Arkansas,California,Colorado,Connecticut,Delaware,District of Columbia,Federated States of Micronesia,Florida,Georgia,Guam,Hawaii,Idaho,Illinois,Indiana,Iowa,Kansas,Kentucky,Louisiana,Maine,Marshall Islands,Maryland,Massachusetts,Michigan,Minnesota,Mississippi,Missouri,Montana,Nebraska,Nevada,New Hampshire,New Jersey,New Mexico,New York,North Carolina,North Dakota,Northern Mariana Islands,Ohio,Oklahoma,Oregon,Palau,Pennsylvania,Puerto Rico,Rhode Island,South Carolina,South Dakota,Tennessee,Texas,Utah,Vermont,Virgin islands,Virginia,Washington,West Virginia,Wisconsin,Wyoming,Armed Forces Americas (except Canada),Armed Forces Europe, Africa, The Middle East and Canada,Armed Forces Pacific))$yes
Subject Property$$$Postal/Zip Code$(Country)$string$$yes
Subject Property$$$Seasonal Risk$$boolean$$no
Subject Property$$$Legal Description$$string$$no
Subject Property$$$Plan$$string$$no
Subject Property$$$Regional District$$string$$no
Subject Property$$$Sale type$$string$$no
Subject Property$$$Construction Type$$string$(Existing,New)$no
Subject Property$$$Property type$$string$(Detached,Semi-Detached,Dublex - Detached,Dublex - Semi-Detached,Row Housing,Appartment Low Rise,Appartment High Rise,Mobile,Tri Plex - Detached,Tri Plex - Semi-Detached,Stacked,Modular Home - Detached,Modular Home - Semi-Detached,Four Plex - Detached,Four Plex - Semi-Detached)$yes
Subject Property$$$Tenure Type$$string$(Free Hold,Lease Hold,Condo)$yes
Subject Property$$$Property Usage$$string$$yes
Subject Property$$$House Size$$string$$yes
Subject Property$$$House size Measurement$$string$(Sq. Meters,Sq. Feet)$yes
Subject Property$$$Lot Size/ Acreage$$string$$yes
Subject Property$$$Lot Size Measurement$$string$(Sq. Meters,Sq. Feet,Acres,Hectares)$yes
Subject Property$$$Heating Type$$string$(Electric Baseboard,Forced Air Gas/Oil/Electric,Hot Water Heating,Other)$yes
Subject Property$$$Water Supply$$string$(Municipal,Well)$yes
Subject Property$$$Number of Units$$number$$no
Subject Property$$$Property Description$$string$$yes
Subject Property$$$Zoning$$string$$yes
Subject Property$$$Year built$$number$$yes
Subject Property$$$Garage Size$$string$(Single,Double,Triple,None)$yes
Subject Property$$$Garage Type$$string$(Attached,Detached)$yes
Subject Property$$$Exterior Finish$$string$$yes
Subject Property$$$Environmental hazard$$boolean$$no
Subject Property$$$Sewage Info$$string$(Municipal,Septic,Holding Tank)$yes
Subject Property$$$Annual Taxes$$string$$yes
Subject Property$$$Paid by$$string$(Borrower,Lender)$yes
Subject Property$$$Condo Fees$$string$$yes
Subject Property$$$Annual Heating Costs$$string$$yes
Subject Property$$$Annual Rental Income$$string$$no
Subject Property$$$Rental offset$$string$$no
Subject Property$$$Price Type Indicator$$string$(Estimated Value,Purchase Price,Appraised Value)$yes
Subject Property$$$Price Value$$string$$yes
Down Payment$$$Downpayment Source$$string$$yes
Down Payment$$$Related Asset$$string$$yes
Down Payment$$$Downpayment Amount$$string$$yes
Mortgage$$$Loan Purpose$$string$$yes
Mortgage$$$Refinance Type$$string$$yes
Mortgage$$$Port Type$$string$$yes
Mortgage$$$Closing Date$$date$$yes
Mortgage$$$Improvement Description$$string$$no
Mortgage$$$Improvements amount$$string$$no
Mortgage$$$Loan Amount$$string$$yes
Mortgage Request$$$Loan Amount$(Mortgage Info[Loan Amount])$string$$yes
Mortgage Request$$$IAD$$date$$yes
Mortgage Request$$$1st payment date$$date$$yes
Mortgage Request$$$Add Premium Indicator$$boolean$$yes
Mortgage Request$$$Rate$$string$$yes
Mortgage Request$$$Discretionary pricing$$string$$yes
Mortgage Request$$$Broker Buydown$$string$$yes
Mortgage Request$$$Product$$string$(Fixed,Adjustable,Capped Variable,Variable,Buydown)$yes
Mortgage Request$$$Term$$string$(Closed,Open,Convertible)$yes
Mortgage Request$$$Payment Frequency$$string$(Monthly,Semi Monthly,Biweekly,Accelerated Biweekly,Weekly,Accelerated Weekly)$yes
Mortgage Request$$$Amortization Years$$string$$yes
Mortgage Request$$$Amortization Months$$string$$yes
